.id,emRad,RP_max,RP_N,RR,SING_N,SING_rate,DIV_dl,REP_av,N_dl,N_dlp,DET,MEAN_dl,MAX_dl,ENT_dl,ENTrel_dl,CoV_dl,N_vl,N_vlp,LAM_vl,TT_vl,MAX_vl,ENT_vl,ENTrel_vl,CoV_vl,REP_vl,N_hlp,N_hl,LAM_hl,TT_hl,MAX_hl,ENT_hl,ENTrel_hl,CoV_hl,REP_hl,N_hvp,N_hv,LAM_hv,TT_hv,MAX_hv,ENT_hv,ENTrel_hv,CoV_hv,ratios.hv.Nlines_ani,ratios.hv.LAM_ani,ratios.hv.MEAN_ani,ratios.hv.MAX_ani,ratios.hv.ENT_ani,subject_nr,session,subject_nr_n,session_n,gender,age_label,age_days,age_label_mo,age_months,mean_age_mo,mean_age_days,age_days_cS1,age_months_cS1,session_n_0,age_days_0,unique_id,gender_f,subject_nr_f,predm14,predm15,predm16,N_sessions
point_1|session_2,4.85660925206354,33930625,1696535,0.0500001105196265,1046820,0.617034131332392,0.0333333333333333,5.39055585910745,235472,649715,0.382965868667608,2.75920279268873,30,1.14730794498157,0.132332097888841,0.614227727355038,682411,2395941,1.41225556796647,3.51099410765653,58,1.56915206111861,0.180988186356331,0.959182766620121,3.68767998276167,1106384,311692,0.652143339217877,3.54960666298782,57,1.57787491653213,0.18199429266066,0.993938487560417,1.70287587634578,3502325,994103,1.03219945359217,3.52310072497518,58,1.57198911724849,0.181315416365622,0.970404827545238,-0.368200266965516,-0.368200266965516,0.00546873510988328,-0.00869565217391304,0.00277177649745898,point_1,session_2,1,2,1,age_T2_days,311,age_T2_mo,10.2,8.73846153846154,265.846153846154,74.6,2.46,1,0.204741379310345,1_2,boys,dyad 01,0.402479722360732,0.398090939629576,0.401976454621275,5
point_1|session_3,5.50846804450087,33930625,1696535,0.0500001105196265,938283,0.553058439702099,0.0277777777777778,5.95521277886507,243409,758252,0.446941560297901,3.11513543048942,36,1.38671399693523,0.159945525688141,0.725838899411363,841507,3259407,1.92121412172457,3.87329754832699,75,1.71867546852752,0.19823442462432,1.13321023178436,4.29858015541007,1256145,313946,0.740417969567383,4.0011498792786,75,1.75699796381253,0.202654594657643,1.1742040166272,1.656632623455,4515552,1155453,1.33081604564598,3.90803606897035,75,1.72927483170458,0.199456969950221,1.14524585208236,-0.44363612687884,-0.44363612687884,0.0162363559001484,0,0.0110259194458339,point_1,session_3,1,3,1,age_T3_days,337,age_T3_mo,11,9.7,295.923076923077,100.6,3.26,2,0.260775862068966,1_3,boys,dyad 01,0.401620272589474,0.397379161959459,0.400534705183143,5
point_1|session_4,8.28473561598478,33930625,1696535,0.0500001105196265,1037769,0.611699139717129,0.0344827586206897,4.70246035769909,250947,658766,0.388300860282871,2.62512004526852,29,1.04604297052211,0.120652054556537,0.519574217572348,592550,1991995,1.17415496880406,3.36173318707282,61,1.54346767355821,0.178025713287331,0.810143466493295,3.02382788425632,1105826,332779,0.651814433536591,3.32300415591128,61,1.51842029153655,0.175136713325248,0.814448362601234,1.67863247344277,3097821,925329,0.912984701170327,3.34780494289058,61,1.53454191398815,0.176996203734709,0.811702417863599,-0.286062041673809,-0.286062041673809,-0.00579365039707778,0,-0.00818037181869522,point_1,session_4,1,4,1,age_T4_days,365,age_T4_mo,12,10.7076923076923,326.461538461538,128.6,4.26,3,0.321120689655172,1_4,boys,dyad 01,0.396197167230872,0.392609495801931,0.394474602526366,5
point_1|session_6,10.1508530953197,33930625,1696536,0.0500001399915268,1125148,0.663203138630716,0.0416666666666667,5.44212164063649,226930,571388,0.336796861369284,2.5179041995329,24,0.956672880466387,0.110343983774566,0.436170386543974,681415,2091015,1.23252026482197,3.06863658710184,23,1.41931449175581,0.163705712210592,0.570100459663271,3.65953607706147,1018548,336050,0.600369222934261,3.03094182413331,23,1.39152045210951,0.160499908928842,0.57184084841717,1.78258556357501,3109563,1017465,0.916444743878114,3.05618669929678,23,1.41024690505479,0.162659844118958,0.57070518805968,-0.344893157012738,-0.344893157012738,-0.00617989644974383,0,-0.00988817920702187,point_1,session_6,1,6,1,age_T6_days,437,age_T6_mo,14.3,12.775,389.916666666667,200.6,6.56,5,0.476293103448276,1_6,boys,dyad 01,0.36083516265885,0.361282085878097,0.357427436572219,5
point_1|session_7,11.1353950004805,33930625,1696537,0.0500001694634272,1109493,0.653975126979252,0.05,11.6245937272164,242613,587044,0.346024873020748,2.4196724825133,20,0.854275828534144,0.098533365048271,0.363134499293973,1436114,5589229,3.29449284041551,3.89191178416198,78,1.79245130940083,0.206743832964933,0.943947048824023,9.52097117081514,1234919,341627,0.727905727962314,3.61481674457815,78,1.67353501548423,0.19302786183793,0.890729185493638,2.10362255640122,6824148,1777741,2.01119928418891,3.83866266233383,78,1.77029950969611,0.20418881350415,0.935909627937901,-0.638073793241295,-0.638073793241296,-0.0369128893529251,0,-0.0343095104163579,point_1,session_7,1,7,1,age_T7_days,458,age_T7_mo,15,13.7692307692308,419.846153846154,221.6,7.26,6,0.521551724137931,1_7,boys,dyad 01,0.344711916906142,0.346974206853348,0.340799891006966,5
point_10|session_1,6.84041877687163,33930625,1696535,0.0500001105196265,1066163,0.628435605513591,0.0384615384615385,8.41785961305388,239427,630372,0.371564394486409,2.63283589570099,26,1.05497474068333,0.121682257379124,0.518545019415879,1009394,4097651,2.41530590291388,4.05951590756434,77,1.85900878322922,0.214420664787129,0.927418422305021,6.50036962301625,1208732,315746,0.712471007082082,3.82817834588562,77,1.75191465632938,0.202068278885664,0.937772848207462,1.91748999003763,5306383,1325140,1.56388845499798,4.00439425268274,77,1.83421999779524,0.211561491715991,0.930288529531057,-0.544423385948583,-0.544423385948583,-0.0293289210059759,0,-0.0296583765046337,point_10,session_1,10,1,1,age_T1_days,220,age_T1_mo,7.2,7.74,236.4,-16.4,-0.54,0,0.00862068965517241,10_1,boys,dyad 10,0.373892445414267,0.373000225988024,0.376643541857603,7
point_10|session_2,13.3798358216972,33930625,1696534,0.0500000810477261,1093840,0.644749825231914,0.0555555555555556,12.3193295436822,235504,602694,0.355250174768086,2.55916672328283,18,0.979119435588372,0.112933000736108,0.500012059681351,1472477,6158681,3.63015477438118,4.18253120422254,64,1.90912998046076,0.220201713552076,0.978775331466235,10.21858687825,1266105,328846,0.746289199037567,3.85014566088686,64,1.77202646408485,0.204388002830974,0.959536492719695,2.10074266543221,7424786,1801323,2.18822198670937,4.1218515502217,64,1.88499356870577,0.217417786170576,0.976709241048547,-0.658951786623884,-0.658951786623884,-0.0413791752011624,0,-0.037244686130919,point_10,session_2,10,2,1,age_T2_days,243,age_T2_mo,8,8.73846153846154,265.846153846154,6.59999999999999,0.26,1,0.0581896551724138,10_2,boys,dyad 10,0.381559807927272,0.38305766826043,0.381327396173715,7
point_10|session_3,8.46185303971812,33930625,1696535,0.0500001105196265,1065245,0.627894502618573,0.0526315789473684,15.823312582173,240855,631290,0.372105497381427,2.62103755371489,19,1.03357841468659,0.119214375309059,0.51842848982532,1832297,8632337,5.08821627611573,4.71121057339503,71,2.0518932596937,0.236668229211644,1.09230071183147,13.6741228278604,1356762,315953,0.799725322495557,4.29418932562755,71,1.91280964309409,0.220626130970192,1.07105513835793,2.1491897543126,9989099,2148250,2.94397079930564,4.64987734202258,71,2.0321053445416,0.23438586349076,1.09067318570472,-0.728351475943927,-0.728351475943927,-0.0463079099699671,0,-0.0350804637850198,point_10,session_3,10,3,1,age_T3_days,272,age_T3_mo,8.9,9.7,295.923076923077,35.6,1.16,2,0.120689655172414,10_3,boys,dyad 10,0.388504852067575,0.391985596746259,0.38616008809524,7
point_10|session_4,14.8551049416781,33930625,1696534,0.0500000810477261,1135769,0.669464331395657,0.024390243902439,9.95769350797571,221115,560765,0.330535668604343,2.53607851118196,41,0.959905908423607,0.110716885726464,0.479193920762909,1254916,4416980,2.60353167104225,3.51974156039129,41,1.63199548045213,0.188236633955154,0.840123271978769,7.87670414523018,1166946,345203,0.687841210373621,3.3804630898341,41,1.55920726109616,0.17984113925724,0.819318404119548,2.08098936274554,5583926,1600119,1.64568644070794,3.48969420399358,41,1.61661024447852,0.186462079388694,0.836227990060337,-0.58203385933123,-0.58203385933123,-0.0201846869212272,0,-0.0228090238229892,point_10,session_4,10,4,1,age_T4_days,305,age_T4_mo,10,10.7076923076923,326.461538461538,68.6,2.26,3,0.191810344827586,10_4,boys,dyad 10,0.392714043681498,0.397052764903734,0.39020349973201,7
point_10|session_5,6.05446222380882,33930625,1696535,0.0500001105196265,965472,0.569084634269261,0.0185185185185185,5.43133218340964,252180,731063,0.430915365730739,2.8989729558252,54,1.25573102059288,0.144837766587435,0.666039141214702,743680,2783224,1.64053438331658,3.742502151463,43,1.71040079119526,0.197280011804709,0.922241051513846,3.8070918648598,1187422,313969,0.699910110902516,3.78197210552634,42,1.72083909493408,0.198483980310463,0.94198609157975,1.62424031854984,3970646,1057649,1.17022224710955,3.75421902729545,43,1.71357016844861,0.197645572195685,0.928256213410052,-0.401899841990447,-0.401899841990447,0.00524554310577695,-0.0117647058823529,0.00304213756112395,point_10,session_5,10,5,1,age_t5_days,332,age_T5_mo,10.9,11.6,353.5,95.6,3.16,4,0.25,10_5,boys,dyad 10,0.393233226247495,0.397166683543277,0.392359013095163,7
point_10|session_6,10.4156944890121,33930625,1696533,0.0500000515758257,982209,0.578950718907325,0.0526315789473684,8.41050419697504,251504,714324,0.421049281092675,2.84020930084611,19,1.23020175642803,0.141893185667143,0.578782943663414,1213193,4745854,2.79738384104524,3.91187057623972,50,1.77249756135378,0.20444233984675,1.00784703788439,6.64383949020333,1261971,326154,0.743852904718034,3.86924888242977,49,1.74986967487063,0.201832407873209,1.01151584882135,1.76666470677172,6007825,1539347,1.77061837288164,3.902839970455,50,1.76776090175996,0.203896006925605,1.00863173106723,-0.579890892294633,-0.579890892294633,-0.00547757864872051,-0.0101010101010101,-0.00642405659763269,point_10,session_6,10,6,1,age_T6_days,363,age_T6_mo,11.9,12.775,389.916666666667,126.6,4.16,5,0.316810344827586,10_6,boys,dyad 10,0.390583267178702,0.392822516489048,0.393554470985194,7
point_10|session_7,8.46117680624726,33930625,1696534,0.0500000810477261,1053877,0.621194152312892,0.04,5.86297978548433,245657,642657,0.378805847687108,2.61607444526311,25,1.04652705818649,0.120707889902635,0.497967903541675,803609,2629542,1.54994948524462,3.27216594139687,45,1.5149117409125,0.174732032204838,0.724641937393537,4.09167254071768,1138343,348347,0.670981542368146,3.26784212294063,45,1.50683511527216,0.173800462943487,0.738649310146812,1.77130724476665,3767885,1151956,1.11046551380638,3.27085843556525,45,1.51251784752065,0.174455917203585,0.728898331603516,-0.395765528937322,-0.395765528937322,-0.00066113350529647,0,-0.00267283330627193,point_10,session_7,10,7,1,age_T7_days,388,age_T7_mo,12.7,13.7692307692308,419.846153846154,151.6,4.96,6,0.370689655172414,10_7,boys,dyad 10,0.385918683614498,0.385834757996503,0.39352236132996,7
point_11|session_1,27.8638150893744,33930625,1696536,0.0500001399915268,1210999,0.713806839347942,0.0526315789473684,13.678041014382,203822,485537,0.286193160652058,2.38216188635182,19,0.788528669801659,0.0909499960989344,0.39303975519122,1528473,5463765,3.22054173916734,3.57465588204698,59,1.6674489188012,0.192325882961602,0.839247091343256,11.2530352990606,1177430,349853,0.694020050267133,3.36549922395978,56,1.5607627012653,0.180020545894859,0.801694374203247,2.42500571532139,6641195,1878326,1.95728089471724,3.53569880840706,59,1.64816966069261,0.190102186453258,0.833570737449722,-0.645416224037993,-0.645416224037993,-0.0301371734338013,-0.0260869565217391,-0.0330480867092911,point_11,session_1,11,1,0,age_T1_days,245,age_T1_mo,8,7.74,236.4,8.59999999999999,0.26,0,0.0625,11_1,girls,dyad 11,0.342309672171557,0.350175194340767,0.343484130433939,7
point_11|session_2,11.9940503753933,33930625,1696534,0.0500000810477261,1115453,0.657489328242169,0.0303030303030303,6.54399816892998,234274,581081,0.342510671757831,2.4803477978777,33,0.913239444861171,0.105334310759314,0.430659387363671,752751,2697807,1.59018740561639,3.58393014423096,55,1.66701689426233,0.192276052648983,0.83603613445444,4.64273827573092,1104786,324884,0.65120180320583,3.40055527511358,54,1.57691992661857,0.181884142792634,0.79542236912196,1.90125989319906,3802593,1077635,1.12069460441111,3.52864652688526,55,1.64040987297129,0.189207161719206,0.825451470944472,-0.41893018790073,-0.41893018790073,-0.0262545997461029,-0.0091743119266055,-0.0277739588094985,point_11,session_2,11,2,0,age_T2_days,273,age_T2_mo,9,8.73846153846154,265.846153846154,36.6,1.26,1,0.122844827586207,11_2,girls,dyad 11,0.343522660933871,0.357377212258973,0.346238292571153,7
point_11|session_3,8.87584417625347,33930625,1696536,0.0500001399915268,1129311,0.665656962186479,0.0357142857142857,5.31892987791441,224865,567225,0.334343037813521,2.52251350810486,28,0.943337511854457,0.108805863767416,0.496936213923372,663932,2002122,1.1801234987056,3.01555279757566,31,1.34476134271448,0.155106648062199,0.686072691434024,3.529678698929,1014908,330333,0.598223674593407,3.07237847868666,31,1.3681797205939,0.157807756415447,0.735099040361235,1.78925117898541,3017030,994265,0.889173586649502,3.03443247021669,31,1.35268139443592,0.156020157869457,0.703236002856391,-0.327213849381677,-0.327213849381677,0.00933415285625426,0,0.00863209975186915,point_11,session_3,11,3,0,age_T3_days,305,age_T3_mo,10,9.7,295.923076923077,68.6,2.26,2,0.191810344827586,11_3,girls,dyad 11,0.346269923074994,0.363055813884129,0.349197352359661,7
point_11|session_4,11.2576955800447,33930625,1696534,0.0500000810477261,1184739,0.698329063844285,0.0588235294117647,6.46454146679823,215994,511795,0.301670936155715,2.36948711538283,17,0.791836374299627,0.0913315113471526,0.339377129704952,687016,2285554,1.34719021251563,3.32678423792168,42,1.55349703444879,0.179182513754843,0.690490488252529,4.46576070496976,1022966,325920,0.602974063590827,3.13870274914089,41,1.44458522996894,0.166620474387191,0.65008068426042,1.99878076182847,3308520,1012936,0.975082138053231,3.26626756280752,42,1.51935380494038,0.175244386062699,0.679521799358204,-0.381617158125083,-0.381617158125083,-0.0290900730536054,-0.0120481927710843,-0.0363271567870096,point_11,session_4,11,4,0,age_T4_days,336,age_T4_mo,11,10.7076923076923,326.461538461538,99.6,3.26,3,0.258620689655172,11_4,girls,dyad 11,0.35031571454719,0.365960815969171,0.351872146673889,7
point_11|session_5,16.0361850238132,33930625,1696537,0.0500001694634272,1190251,0.701576800270197,0.0625,9.69453431459689,212103,506286,0.298423199729803,2.38698179657996,16,0.813275641722547,0.0938043463411791,0.35102049330841,1076627,3812433,2.24718529569352,3.54108990393145,61,1.59894708155718,0.184424785552322,1.02044772689877,7.53019637122101,1095774,333806,0.64588865435885,3.28266717794168,61,1.47873533415815,0.170559395014603,0.925345903940788,2.16433794337588,4908207,1410433,1.44653697502619,3.47992921322743,61,1.57127268204064,0.181232781729933,1.00218550357677,-0.553493159518333,-0.553493159518333,-0.0378710324663007,0,-0.0390591786810758,point_11,session_5,11,5,0,age_t5_days,366,age_T5_mo,12,11.6,353.5,129.6,4.26,4,0.323275862068966,11_5,girls,dyad 11,0.355528189514938,0.366339470251178,0.354280941690589,7
point_11|session_6,11.2174187298874,33930625,1696535,0.0500001105196265,1107765,0.652957351307223,0.0454545454545455,6.2465784601797,227975,588770,0.347042648692777,2.58260774207698,22,1.01511448746735,0.117084720202183,0.477615629896122,796063,2574487,1.51749713386402,3.23402419155268,22,1.51434294104703,0.174666426035365,0.624922969766507,4.37265315827912,1103311,343268,0.650332000223986,3.21413880699628,22,1.49835672102132,0.172822553130477,0.632377622626259,1.87392530190057,3677798,1139331,1.083914567044,3.22803294213885,22,1.50959261152253,0.174118516405357,0.627167542918429,-0.400015444023843,-0.400015444023842,-0.0030838836674679,0,-0.00530627736544358,point_11,session_6,11,6,0,age_T6_days,396,age_T6_mo,13,12.775,389.916666666667,159.6,5.26,5,0.387931034482759,11_6,girls,dyad 11,0.362016591923223,0.36432536578726,0.356512967254856,7
point_11|session_7,10.0644288758622,33930625,1696534,0.0500000810477261,1037933,0.611796167951836,0.04,8.62682413175808,230499,658601,0.388203832048164,2.85728354569868,25,1.22291864683247,0.141053141652673,0.640438777878228,1120948,4470909,2.63531942183298,3.98850704939034,90,1.81660314556411,0.209529539419189,0.9960808865679,6.78849409581826,1210726,315179,0.713646764521076,3.84139171708775,84,1.74840925651813,0.201663961184395,0.997149052805281,1.83833003593982,5681635,1436127,1.67448309317703,3.95622044568482,90,1.80193607054025,0.207837818537895,0.996538453676124,-0.573810707657215,-0.573810707657215,-0.0187889188213298,-0.0344827586206897,-0.0191286540843875,point_11,session_7,11,7,0,age_T7_days,427,age_T7_mo,14,13.7692307692308,419.846153846154,190.6,6.26,6,0.454741379310345,11_7,girls,dyad 11,0.370061707072927,0.359730398514245,0.35863368754096,7
point_12|session_1,7.95499460412813,33930625,1696534,0.0500000810477261,1006453,0.593240689547041,0.0217391304347826,5.31258794257486,226598,690081,0.406759310452959,3.04539757632459,46,1.29280470081499,0.149113896550372,0.804784057894034,643437,2524357,1.48794954890382,3.92323879416322,49,1.71659566439139,0.197994537115708,1.06344054174403,3.65805898148188,1141759,296485,0.672995059338628,3.85098402954618,48,1.67649949086073,0.193369788560766,1.07802346532721,1.65452896109297,3666116,939922,1.08047230412123,3.90044705837293,49,1.70409808631727,0.196553049037192,1.06801915086054,-0.377128819710015,-0.377128819710015,-0.0092941463417641,-0.0103092783505155,-0.0118169905929696,point_12,session_1,12,1,0,age_T1_days,245,age_T1_mo,8,7.74,236.4,8.59999999999999,0.26,0,0.0625,12_1,girls,dyad 12,0.360272452500654,0.350218007415556,0.356498841859639,7
point_12|session_2,11.5389819264225,33930625,1696536,0.0500001399915268,1058597,0.623975559610878,0.0434782608695652,8.94580673073758,240767,637939,0.376024440389122,2.64961145007414,23,1.08051415330182,0.124628008836207,0.495011244626957,1017397,4459058,2.62833090485554,4.38281025007937,50,1.93643082848007,0.223350631423989,1.0650914479396,6.98978742481648,1247821,307417,0.735511064899301,4.05905008506361,48,1.82218819917128,0.21017372728862,1.03051455064827,1.9560193059211,5706879,1324814,1.68192098487742,4.30768319175371,50,1.91056862712376,0.220367649063871,1.05907442082343,-0.562695827263904,-0.562695827263904,-0.0383517556749859,-0.0204081632653061,-0.0303948414213649,point_12,session_2,12,2,0,age_T2_days,280,age_T2_mo,9.2,8.73846153846154,265.846153846154,43.6,1.46,1,0.137931034482759,12_2,girls,dyad 12,0.377651063771707,0.360546308483767,0.372104845998712,7
point_12|session_3,8.66560951711621,33930625,1696536,0.0500001399915268,802776,0.473185361230177,0.02,3.68822167024705,255532,893760,0.526814638769823,3.49764413067639,50,1.59220366046889,0.183646989962685,0.863232061944903,348872,2030414,1.19679983212853,5.81993969134812,77,2.2590631335769,0.260563491290363,1.22758671150953,2.27176646974579,1265971,234182,0.746209334785705,5.40592786806843,77,2.15171511560648,0.248181821238855,1.25527794937257,1.41645520050125,3296385,583054,0.971504583457115,5.65365300641107,77,2.21677468193065,0.255685882321213,1.23913080381931,-0.231903433609848,-0.231903433609848,-0.0368801628104375,0,-0.024337659230613,point_12,session_3,12,3,0,age_T3_days,309,age_T3_mo,10.1,9.7,295.923076923077,72.6,2.36,2,0.200431034482759,12_3,girls,dyad 12,0.384633255973598,0.365728638697516,0.37953087669147,7
point_12|session_4,9.04768351936744,33930625,1696536,0.0500001399915268,1029733,0.60696206859153,0.0208333333333333,6.24798328741772,237832,666803,0.39303793140847,2.80367234013926,48,1.19628582192182,0.137981274497435,0.617207976878738,679732,2996750,1.76639340397139,4.40872284959366,72,1.92875739551588,0.222465566968014,1.16855285932372,4.49420593488632,1169424,285178,0.689301022789967,4.10068097819607,72,1.81954111986994,0.209868409471589,1.14146373490366,1.75377735253141,4166174,964910,1.22784721338068,4.3176814417925,72,1.89716788001928,0.218821988210243,1.1624711799463,-0.438610101258373,-0.438610101258373,-0.0362001707324778,0,-0.0291375607352591,point_12,session_4,12,4,0,age_T4_days,337,age_T4_mo,11,10.7076923076923,326.461538461538,100.6,3.26,3,0.260775862068966,12_4,girls,dyad 12,0.38499650577703,0.367829710589531,0.381967305631963,7
point_12|session_5,11.5694504920266,33930625,1696536,0.0500001399915268,1035569,0.610402019173186,0.0476190476190476,8.45798958193072,244846,660967,0.389597980826814,2.69952133177589,21,1.10326336675548,0.127251934831675,0.566908940682614,952916,4316002,2.54400849731453,4.52925756310105,55,2.00562469173568,0.231331548078232,1.03594038789656,6.52982977970156,1274450,298751,0.751207165659909,4.26592714334011,55,1.9099650642224,0.220298033277373,1.02622490000752,1.92815980222916,5590452,1251667,1.64760783148722,4.46640520202258,55,1.98331678704986,0.228758523251295,1.03446549568416,-0.544061911273006,-0.544061911273006,-0.0299402944395351,0,-0.0244304519817786,point_12,session_5,12,5,0,age_t5_days,365,age_T5_mo,12,11.6,353.5,128.6,4.26,4,0.321120689655172,12_5,girls,dyad 12,0.379093476275082,0.367079147259205,0.379753247260367,7
point_12|session_6,7.68210119700646,33930625,1696534,0.0500000810477261,1159061,0.683193499216638,0.0526315789473684,8.78611762823435,226979,537473,0.316806500783362,2.36794152763031,19,0.783508422082763,0.0903709537280791,0.358476131888304,982525,3589174,2.11559214256832,3.65301035597059,31,1.72495361800078,0.198958555137222,0.710855845813549,6.67786846967197,1133127,336414,0.667907038703616,3.36825161854144,31,1.58317132509655,0.182605187808446,0.669046695838071,2.10824915856238,4722301,1318939,1.39174959063597,3.58037862251401,31,1.69015154692905,0.194944435740644,0.70292364882468,-0.520095394173307,-0.520095394173307,-0.0405566319078895,0,-0.0428588083409827,point_12,session_6,12,6,0,age_T6_days,393,age_T6_mo,12.9,12.775,389.916666666667,156.6,5.16,5,0.381465517241379,12_6,girls,dyad 12,0.366924167467754,0.363476948706541,0.372888701576681,7
point_12|session_7,13.2466131081788,33930625,1696535,0.0500001105196265,1095263,0.645588213623651,0.0163934426229508,5.26610086616373,232532,601272,0.354411786376349,2.58576023945091,61,0.981531902114654,0.11321125798858,0.614457899807707,593590,2108414,1.24277660054169,3.55197021513166,63,1.6210862515189,0.186978348280939,0.93293076246805,3.5065893638819,1057945,307638,0.623591614673437,3.43892822083098,63,1.56224247382486,0.180191224924897,0.921446404936865,1.75951150228183,3166359,901228,0.933184107607565,3.51338285095448,63,1.60127680679214,0.184693499308898,0.929424258217336,-0.331759285665334,-0.331759285665334,-0.0161698807865908,0,-0.018484983101356,point_12,session_7,12,7,0,age_T7_days,432,age_T7_mo,14.2,13.7692307692308,419.846153846154,195.6,6.46,6,0.46551724137931,12_7,girls,dyad 12,0.339531592046733,0.353707481566878,0.355577546525878,7
point_13|session_1,13.5323735645181,33930625,1696533,0.0500000515758257,1165680,0.687095388064954,0.0476190476190476,18.0932499204111,219499,530853,0.312904611935046,2.41847571059549,21,0.847831361608305,0.0977900512485175,0.378961489689535,1944580,8326563,4.90798764303435,4.28193388803752,66,1.98078493912536,0.228466496381918,0.875635150698008,15.685251849382,1278293,341248,0.753473701955694,3.74593550731433,66,1.76650278576719,0.203750894073002,0.805892971927769,2.40799807102908,9604856,2285828,2.83073067249502,4.20191545470613,66,1.95083904951681,0.225012495725528,0.869754952989362,-0.73382359922939,-0.73382359922939,-0.0667672023953871,0,-0.0571832666957292,point_13,session_1,13,1,0,age_T1_days,242,age_T1_mo,7.9,7.74,236.4,5.59999999999999,0.16,0,0.0560344827586207,13_1,girls,dyad 13,0.346700967015137,0.349223483721468,0.343759893072064,7
point_13|session_2,12.2596462437229,33930625,1696535,0.0500001105196265,1155894,0.68132635047317,0.05,8.48932655865907,220975,540641,0.31867364952683,2.44661613304673,20,0.868903116935897,0.100220496885103,0.420156169695977,1032775,3446763,2.03164862499153,3.33738035874222,61,1.56148377000923,0.180103714969058,0.702517474821422,6.37532669553364,1142915,349011,0.673676051481402,3.27472486540539,61,1.52179143501061,0.175525545713411,0.705973077342273,2.11399986312544,4589678,1381786,1.35266233823646,3.32155485726444,61,1.55160061809437,0.178963778448643,0.703438487867985,-0.501962882799186,-0.501962882799186,-0.00947587662519578,0,-0.012873432424714,point_13,session_2,13,2,0,age_T2_days,270,age_T2_mo,8.9,8.73846153846154,265.846153846154,33.6,1.16,1,0.116379310344828,13_2,girls,dyad 13,0.351746541669775,0.35719643798204,0.350690032378473,7
point_13|session_3,9.95199460875966,33930625,1696536,0.0500001399915268,971286,0.57251128181188,0.0188679245283019,8.80647362978283,251687,725250,0.42748871818812,2.8815552650713,53,1.21384259429069,0.140006297099162,0.78721160485458,1040335,5100777,3.00658341467555,4.90301393301196,121,2.04004897301168,0.235302092673076,1.50282813456988,7.03312926577042,1286118,287430,0.758084709077791,4.47454336708068,121,1.91717843469588,0.221130033484274,1.4288569544096,1.77334436401241,6386895,1327765,1.88233406187667,4.81026009873735,121,2.01417495235884,0.232317747058818,1.49072300755891,-0.597263459004728,-0.597263459004728,-0.0456910634848426,0,-0.0310496531173529,point_13,session_3,13,3,0,age_T3_days,305,age_T3_mo,10,9.7,295.923076923077,68.6,2.26,2,0.191810344827586,13_3,girls,dyad 13,0.356742190647762,0.363837404291702,0.356699447952826,7
point_13|session_4,15.7132804779621,33930625,1696536,0.0500001399915268,1198903,0.706677017169102,0.05,18.3758934797331,205317,497633,0.293322982830898,2.42373013437757,20,0.850105814556596,0.0980523898224926,0.386083239906181,1831301,7868664,4.63807664558842,4.29676170110757,69,1.94035841399293,0.22380364461267,0.989802415695903,15.8121828737242,1275787,339628,0.751995242069723,3.75642467641066,62,1.73766717888959,0.200424954974696,0.903156711786344,2.56371060600885,9144451,2170929,2.69503594382907,4.21222941883406,69,1.91025635502569,0.220331631164726,0.981631789691876,-0.720970236485493,-0.720970236485493,-0.0670960535826352,-0.0534351145038168,-0.0551087070996935,point_13,session_4,13,4,0,age_T4_days,334,age_T4_mo,11,10.7076923076923,326.461538461538,97.6,3.26,3,0.254310344827586,13_4,girls,dyad 13,0.359777674542167,0.36654099841141,0.359445368301794,7
point_13|session_5,29.1848210331186,33849124,1692459,0.0500000827200137,1098718,0.649184411557385,0.0555555555555556,25.9587059003842,221834,593741,0.350815588442615,2.67651036360522,18,1.10639421417066,0.127630752378459,0.494001297739148,2570334,14007867,8.27663594804955,5.44982364159677,121,2.30112763772008,0.265452085666616,1.07506157279973,23.5925546660918,1404881,302647,0.830082737602506,4.64197893916014,115,2.06757844741118,0.238510459892797,1.04983703368985,2.36615123429239,15412748,2872981,4.55335934282603,5.36472326130942,121,2.27807209964205,0.262792458895525,1.07523796725026,-0.817698829566279,-0.817698829566279,-0.0800495943090515,-0.0254237288135593,-0.0534595795088558,point_13,session_5,13,5,0,age_t5_days,368,age_T5_mo,12.1,11.6,353.5,131.6,4.36,4,0.327586206896552,13_5,girls,dyad 13,0.362062664655265,0.366480509404145,0.360087272022419,7
point_13|session_6,14.5894115787852,33930625,1696533,0.0500000515758257,1192458,0.702879342753722,0.0625,23.7443793086346,214275,504075,0.297120657246278,2.35246762338117,16,0.759465440314771,0.0875978026915345,0.358141475449972,2240190,10617503,6.25835335946899,4.73955468062977,77,2.12188398100004,0.244741056584395,0.930276162263489,21.0633397807866,1351445,339911,0.79659222661746,3.97587898008596,77,1.85772339628435,0.214272406464891,0.849796439713679,2.68103952784804,11968948,2580101,3.52747279304322,4.63894552965175,77,2.08958782772563,0.241015973240175,0.925922502286829,-0.774174806340541,-0.774174806340541,-0.0876233736923527,0,-0.0663785543829071,point_13,session_6,13,6,0,age_T6_days,398,age_T6_mo,13,12.775,389.916666666667,161.6,5.26,5,0.392241379310345,13_6,girls,dyad 13,0.362937003316676,0.363531701416969,0.358343337280657,7
point_13|session_7,13.702814390101,33930625,1696535,0.0500001105196265,1052499,0.620381542379025,0.0555555555555556,13.3804135172568,256399,644036,0.379618457620975,2.51185067024442,18,0.94396571124602,0.108878321161041,0.438520918974927,1502861,7343244,4.32837754599817,4.88617643281714,75,2.10652171636132,0.242969151563726,1.1037125624616,11.4019154208771,1274224,305482,0.751074395753698,4.17119175597908,75,1.8800564125609,0.216848327697711,1.0335712977113,1.97849809637971,8617468,1808343,2.53972597087593,4.76539461816702,75,2.07020282358636,0.238780079837227,1.09808399727657,-0.704269513968604,-0.704269513968604,-0.0789395619052437,0,-0.0568069398057038,point_13,session_7,13,7,0,age_T7_days,426,age_T7_mo,14,13.7692307692308,419.846153846154,189.6,6.26,6,0.452586206896552,13_7,girls,dyad 13,0.362787255632557,0.358330424909178,0.354761518868954,7
point_14|session_1,9.59594008006843,33930625,1696536,0.0500001399915268,1150607,0.678209598853193,0.0555555555555556,11.0426557299576,225027,545929,0.321790401146807,2.42605998391304,18,0.85558660262454,0.0986845515592676,0.383524182891524,1329844,4831983,2.84814645843059,3.63349610931809,46,1.68442482343477,0.194283907468926,0.842609671926517,8.85093666026168,1196523,351964,0.705274158638544,3.3995607505313,45,1.57256901617945,0.181382302716782,0.796002147617676,2.19171906969588,6028506,1681808,1.77671030853457,3.58453878207263,46,1.66167769796874,0.191660222304863,0.834757500942835,-0.603044933520843,-0.603044933520843,-0.0332622589932809,-0.010989010989011,-0.0343432664486008,point_14,session_1,14,1,0,age_T1_days,242,age_T1_mo,7.9,7.74,236.4,5.59999999999999,0.16,0,0.0560344827586207,14_1,girls,dyad 14,0.352098366093373,0.349208378551918,0.353432526030606,7
point_14|session_2,14.2480289005679,33930625,1696535,0.0500001105196265,1020370,0.601443530490087,0.04,11.4935703563479,243424,676165,0.398556469509913,2.77772528592086,25,1.18956949310207,0.137206603767823,0.538672888972616,1210857,6465503,3.81100478327886,5.33960905375284,112,2.22944127166234,0.25714686443994,1.14840524990156,9.5620196253873,1306047,277688,0.769832040010964,4.70328930310276,112,2.04754220483892,0.236166372478688,1.11760040416986,1.93155073096064,7771550,1488545,2.29041841164491,5.22090363408563,112,2.19686644956783,0.253389639045504,1.14607724967511,-0.663890214950686,-0.663890214950686,-0.0633601703452174,0,-0.0425297567369208,point_14,session_2,14,2,0,age_T2_days,270,age_T2_mo,8.9,8.73846153846154,265.846153846154,33.6,1.16,1,0.116379310344828,14_2,girls,dyad 14,0.36193117969229,0.357327891615796,0.362203023121487,7
point_14|session_3,10.2148669703618,33930625,1696536,0.0500001399915268,1033176,0.608991497969981,0.0294117647058824,14.0154938494935,230092,663360,0.391008502030019,2.88302070476157,34,1.24971269539669,0.144143604568883,0.622075002702083,1695117,7980053,4.70373337200036,4.70767091593088,95,2.06857026116711,0.23859177781176,1.11066339171484,12.0297470453449,1317265,316913,0.776443883301032,4.15655085149552,94,1.8773944631037,0.216541294736171,1.07191131076439,1.98574680414858,9297318,2012030,2.7400886276507,4.62086450003231,95,2.03991648402675,0.235286811208845,1.10770463891736,-0.716635485631448,-0.716635485631448,-0.0621735420091331,-0.00529100529100529,-0.0484484305922779,point_14,session_3,14,3,0,age_T3_days,305,age_T3_mo,10,9.7,295.923076923077,68.6,2.26,2,0.191810344827586,14_3,girls,dyad 14,0.369428780376525,0.364046583262381,0.369434765232464,7
point_14|session_4,12.9282848122043,33930625,1696535,0.0500001105196265,969600,0.571517828986729,0.0555555555555556,24.9207315647204,259037,726935,0.428482171013271,2.80629794199284,18,1.17241955655288,0.135228506176726,0.60338955090447,2247986,16622882,9.79813679057609,7.39456651420427,161,2.59345185406299,0.299132352497892,1.54581119909205,22.8670816510417,1492870,256282,0.879952373514251,5.82510671838053,157,2.30958549078792,0.266390810406619,1.4686302772055,2.05364991367866,18115752,2504268,5.33904458204517,7.23395099885476,161,2.56629788514005,0.296000375865725,1.54555807377226,-0.835185423161015,-0.835185423161015,-0.118721527242838,-0.0125786163522013,-0.0578960230790781,point_14,session_4,14,4,0,age_T4_days,334,age_T4_mo,11,10.7076923076923,326.461538461538,97.6,3.26,3,0.254310344827586,14_4,girls,dyad 14,0.371606347619406,0.366725799147269,0.372285991057355,7
point_14|session_5,22.494603228965,33930625,1696535,0.0500001105196265,1099273,0.647951854809951,0.0625,37.8785775756703,222011,597262,0.352048145190049,2.69023606938395,16,1.09311674975463,0.126081609880932,0.548573915941112,2144988,21120102,12.4489633281954,9.84625648255375,307,2.8326481519614,0.326721586972031,1.87353744486907,35.3615364781285,1503333,242094,0.88611964975671,6.2097077994498,307,2.32738306453211,0.268443607374688,1.75812500647598,2.51704109754178,22623435,2387082,6.66754148897606,9.47744359012384,307,2.7864127626264,0.321388732707254,1.88478321990198,-0.867099492185868,-0.867099492185868,-0.226492076043044,0,-0.0979189982057193,point_14,session_5,14,5,0,age_t5_days,368,age_T5_mo,12.1,11.6,353.5,131.6,4.36,4,0.327586206896552,14_5,girls,dyad 14,0.369502895927799,0.366534269113103,0.372004039124875,7
point_14|session_6,12.572302003662,33930625,1696534,0.0500000810477261,1108213,0.653221803983887,0.05,15.89241077575,239961,588321,0.346778196016113,2.4517359070849,20,0.888942540840728,0.102531871976167,0.39146557666532,1935227,8040252,4.73922243821816,4.15468159549242,53,1.9147936999839,0.220854974857927,0.902847301216119,13.6664372000999,1309587,352474,0.771919100943453,3.71541447028717,52,1.73940959132414,0.200625927254074,0.832768932022632,2.22597357565003,9349839,2287701,2.7555707695808,4.08700219128286,53,1.88906776243097,0.217887709354861,0.895755954093298,-0.719869614867165,-0.719869614867165,-0.0558147094436684,-0.00952380952380953,-0.047995170131046,point_14,session_6,14,6,0,age_T6_days,398,age_T6_mo,13,12.775,389.916666666667,161.6,5.26,5,0.392241379310345,14_6,girls,dyad 14,0.363473050037382,0.363377996109456,0.36850616586964,7
point_14|session_7,5.91964943079291,33930625,1696535,0.0500001105196265,1005328,0.592577223576289,0.0333333333333333,3.89315212374875,245196,691207,0.407422776423711,2.81899786293414,30,1.19753611842449,0.138125485439149,0.641854136468542,490906,1636537,0.964634976584627,3.33370747149149,28,1.50436345634429,0.173515378356893,0.841809838919036,2.36765107992251,1054437,309367,0.621523870712953,3.40836934773263,33,1.54098483916005,0.177739339706414,0.861962403686805,1.52550104382623,2690974,800273,0.79307942364879,3.36257002297966,33,1.51872126162147,0.175171427634438,0.849988198860181,-0.216315728059803,-0.216315728059803,0.0110740174345467,0.0819672131147541,0.0120253512118224,point_14,session_7,14,7,0,age_T7_days,426,age_T7_mo,14,13.7692307692308,419.846153846154,189.6,6.26,6,0.452586206896552,14_7,girls,dyad 14,0.354314804714443,0.357905403761556,0.362493293731076,7
point_2|session_2,6.79266211703835,33930625,1696535,0.0500001105196265,954984,0.562902622109181,0.0416666666666667,12.747250020565,259608,741551,0.437097377890819,2.85642584203877,24,1.22798838194199,0.141637891968156,0.629818999973105,1761336,8090656,4.7689296124159,4.59347676990648,128,2.03301601855364,0.234490901900922,1.18426004585071,10.9104512029517,1362080,312151,0.802859946891753,4.36352918939872,128,1.94881933165597,0.224779538651678,1.19038599786133,1.83679881761335,9452736,2073487,2.78589477965382,4.55885954433281,128,2.02067833601805,0.233067856396737,1.18543628198885,-0.711812537661054,-0.711812537661054,-0.0256723710526142,0,-0.0211451954921352,point_2,session_2,2,2,0,age_T2_days,243,age_T2_mo,8,8.73846153846154,265.846153846154,6.59999999999999,0.26,1,0.0581896551724138,2_2,girls,dyad 02,0.346338378317319,0.349574937140309,0.3528006369829,5
point_2|session_3,10.6005792791893,33930625,1696535,0.0500001105196265,1173555,0.691736392116874,0.0909090909090909,21.7685513786378,220315,522980,0.308263607883127,2.37378299253342,11,0.796779893688691,0.0919017037654746,0.334876003333097,2078515,10057085,5.92801504242471,4.83859149440827,171,2.12777739002541,0.245420810597653,1.1131630481995,19.2303434165742,1327432,330107,0.782437143943391,4.02121736285507,171,1.85585921142014,0.214057388783707,0.99313579568266,2.53820796206356,11384517,2408622,3.35522609318405,4.72656855247523,171,2.0931156520926,0.241422877420963,1.10542853710907,-0.766800471201369,-0.766800471201369,-0.0922564069633515,0,-0.0682587810611539,point_2,session_3,2,3,0,age_T3_days,283,age_T3_mo,9.3,9.7,295.923076923077,46.6,1.56,2,0.144396551724138,2_3,girls,dyad 02,0.352620245923067,0.359567306382752,0.355014561338055,5
point_2|session_4,6.44536993354823,33930625,1696534,0.0500000810477261,1188983,0.700830634694029,0.0625,17.1937480174406,211152,507551,0.299169365305971,2.40372338410245,16,0.838987517021043,0.0967699898842131,0.340274778347058,1769592,7451740,4.39233165972506,4.21099326850483,74,1.9377815062528,0.223506420481337,0.920968982293057,14.6817561190895,1274964,338084,0.75151102188344,3.77114563244637,69,1.75904665534375,0.202890893595028,0.868680564249237,2.5119918983511,8726704,2107676,2.57192134080425,4.14043904281303,74,1.91050848455052,0.220360712135625,0.915718440833972,-0.707801708411332,-0.707801708411332,-0.0551039817167352,-0.034965034965035,-0.0483481630998667,point_2,session_4,2,4,0,age_T4_days,307,age_T4_mo,10.1,10.7076923076923,326.461538461538,70.6,2.36,3,0.196120689655172,2_4,girls,dyad 02,0.355717490262897,0.363468935761283,0.356730688482991,5
point_2|session_5,7.85617544750529,33930625,1696534,0.0500000810477261,1095251,0.645581520912637,0.0588235294117647,12.8054360425956,235508,601283,0.354418479087363,2.55313195305467,17,0.981248854754906,0.113178610911497,0.468944023163681,1428168,6381030,3.76121551351167,4.46798275833095,115,2.02677227481807,0.23377073979377,0.958289452382645,10.6123572427626,1318661,323655,0.777267652755559,4.07427971142111,115,1.88155181990032,0.217020810065056,0.925605069022942,2.19307879983302,7699691,1751823,2.26924158313361,4.39524483923319,115,2.0009711962837,0.230794807425149,0.954390579331841,-0.657476903943288,-0.657476903943288,-0.0460888492134178,0,-0.0371567074271013,point_2,session_5,2,5,0,age_t5_days,340,age_T5_mo,11.1,11.6,353.5,103.6,3.36,4,0.267241379310345,2_5,girls,dyad 02,0.35915341530788,0.366269598639833,0.359565233185143,5
point_2|session_7,9.96899605287504,33930625,1696534,0.0500000810477261,1049599,0.618672540603371,0.0434782608695652,14.0208954531754,240967,646935,0.381327459396629,2.68474521407496,23,1.09771352007306,0.126611807778028,0.563341587634664,1648091,7720751,4.55089671058759,4.68466304348486,59,2.09326484225136,0.241440085221867,0.93910645713266,11.9343535285616,1349857,317059,0.795655731037515,4.25743158213456,50,1.94608148795745,0.224463751942537,0.916008877903289,2.08654192461376,9070608,1965150,2.67327622081255,4.61573315014121,59,2.07042770475697,0.238806017944962,0.937134228268635,-0.702366809369339,-0.702366809369339,-0.0477775598712932,-0.0825688073394496,-0.0364374188945342,point_2,session_7,2,7,0,age_T7_days,403,age_T7_mo,13.2,13.7692307692308,419.846153846154,166.6,5.46,6,0.40301724137931,2_7,girls,dyad 02,0.363067395945077,0.363372012023398,0.366503491051568,5
point_3|session_1,10.3566827108177,33930625,1696536,0.0500001399915268,1180342,0.695736488939816,0.05,4.127161493547,218118,516194,0.304263511060184,2.36658139172375,20,0.780344460746725,0.0900060180165568,0.362641966729179,409264,1209619,0.712993417174761,2.95559589897963,33,1.30723731771544,0.150778574704844,0.63615956922068,2.34334184434534,920797,315480,0.542751229564242,2.9187175098263,37,1.27911261108759,0.147534631832443,0.634592107796585,1.78381964920166,2130416,724744,0.627872323369501,2.93954279028181,37,1.29508239598138,0.149376609086304,0.635529684439241,-0.135570705439689,-0.135570705439689,-0.00627790629932219,0.0571428571428571,-0.0108742851516862,point_3,session_1,3,1,0,age_T1_days,272,age_T1_mo,8.9,7.74,236.4,35.6,1.16,0,0.120689655172414,3_1,girls,dyad 03,0.358933123913769,0.358098596869022,0.35486211142022,7
point_3|session_2,7.02181913778501,33930625,1696536,0.0500001399915268,1109075,0.653729128058585,0.04,6.14310396775275,227480,587461,0.346270871941415,2.58247318445578,25,1.00972718688133,0.116463341441909,0.494889708336461,668137,2501962,1.47474736757723,3.74468409921917,44,1.71880973151789,0.198249910704811,0.886623031475823,4.25894144462356,1106872,308724,0.652430599763282,3.58531244736399,44,1.64121357990574,0.189299862397509,0.869997071067642,1.8841625231292,3608834,976861,1.06358898367026,3.69431679635076,44,1.69471596867082,0.19547090250781,0.8821138132475,-0.386576384505355,-0.386576384505355,-0.021742391124246,0,-0.0230939325177697,point_3,session_2,3,2,0,age_T2_days,307,age_T2_mo,10.1,8.73846153846154,265.846153846154,70.6,2.36,1,0.196120689655172,3_2,girls,dyad 03,0.365345826021397,0.364744582378764,0.362697066730582,7
point_3|session_3,8.51519324017548,33930625,1696536,0.0500001399915268,1064679,0.627560511536449,0.0208333333333333,5.19777101464414,234355,631857,0.372439488463552,2.69615327174586,48,1.1069793028096,0.127680536076714,0.584245628836443,632668,2183851,1.28724117849548,3.45181200882611,71,1.61295304888755,0.186040253350567,0.80651051339761,3.45624247258478,1100397,315184,0.648613999349262,3.49128445606376,71,1.62203976057886,0.187088327345246,0.866494755748835,1.74152854205936,3284248,947852,0.967927588922369,3.46493756409228,71,1.61612923682393,0.186406599295219,0.827275978867604,-0.329894088387966,-0.329894088387966,0.00568513593859036,0,0.00280888157300635,point_3,session_3,3,3,0,age_T3_days,331,age_T3_mo,10.9,9.7,295.923076923077,94.6,3.16,2,0.247844827586207,3_3,girls,dyad 03,0.367430128819543,0.366960331881006,0.365169310396529,7
point_3|session_4,11.5462581325132,33930625,1696535,0.0500001105196265,1055725,0.622283065188752,0.03125,10.1654031616236,232325,640810,0.377716934811248,2.75824814376412,32,1.15222928632298,0.132899732260226,0.591039707135223,1261362,5224363,3.0794313114672,4.14184270653468,40,1.91865488779179,0.221300329642748,0.853285086081403,8.15274886471809,1289729,327006,0.760213611861824,3.94405301431778,37,1.83343375911771,0.211470805850793,0.852406422883488,2.01265429690548,6514092,1588368,1.91982246166451,4.10112266175093,40,1.9015498342583,0.219327408921255,0.853502656104477,-0.604018794944867,-0.604018794944867,-0.0244610738309213,-0.038961038961039,-0.0227129838055062,point_3,session_4,3,4,0,age_T4_days,363,age_T4_mo,11.9,10.7076923076923,326.461538461538,126.6,4.16,3,0.316810344827586,3_4,girls,dyad 03,0.36728203979929,0.366951413218494,0.364795202773159,7
point_3|session_5,11.4882204301216,33930625,1696535,0.0500001105196265,1084431,0.639203435237116,0.05,12.4415262765805,231459,612104,0.360796564762884,2.64454611831901,20,1.08720874493128,0.125400172367987,0.441176793621309,1199714,6340732,3.73746017618263,5.28520297337532,125,2.17774085014796,0.251183665744541,1.27350926099576,10.3589128644805,1274776,294247,0.751399764814755,4.33233303992904,123,1.91119440706232,0.220439827394412,1.17077473015497,2.0826134120999,7615508,1493961,2.24442997049869,5.09752798098478,125,2.12806775421058,0.24545430160758,1.26514444709384,-0.66521576761524,-0.66521576761524,-0.0990763052124926,-0.00806451612903226,-0.065187249569585,point_3,session_5,3,5,0,age_t5_days,396,age_T5_mo,13,11.6,353.5,159.6,5.26,4,0.387931034482759,3_5,girls,dyad 03,0.3636255523771,0.363395243689573,0.360015945728114,7
point_3|session_6,8.24832350745533,33930625,1696535,0.0500001105196265,1078665,0.635804743197164,0.0454545454545455,6.39432404874812,237609,617870,0.364195256802836,2.60036446430901,22,1.03065302523558,0.11887695681136,0.494095079093795,815037,2816245,1.65999817274622,3.45535846838855,37,1.60643169339262,0.185288071116062,0.78726309249571,4.55798954472624,1134616,336452,0.668784316268158,3.37229679122133,37,1.56290292957248,0.180267402811599,0.772062967773046,1.83633450402188,3950861,1151489,1.16439124450719,3.43108879025332,37,1.59386679592936,0.183838818325349,0.783127607932627,-0.425636082869025,-0.425636082869025,-0.0121654761420928,0,-0.0137343540517089,point_3,session_6,3,6,0,age_T6_days,425,age_T6_mo,13.9,12.775,389.916666666667,188.6,6.16,5,0.450431034482759,3_6,girls,dyad 03,0.357475315376781,0.35729695208003,0.35213327066145,7
point_3|session_7,6.42805092795183,33930625,1696534,0.0500000810477261,1171117,0.690299752318551,0.0263157894736842,8.49615067651028,214957,525417,0.309700247681449,2.44428885777155,38,0.87948955550074,0.101441551468212,0.388372792343928,959646,3348865,1.97394511397944,3.48968786406654,38,1.61910585861666,0.186749927002638,0.784996046828307,6.37372791516072,1115157,339062,0.657314854874703,3.28894715420779,38,1.51722149644312,0.174998442627876,0.739844517018397,2.12242276134956,4464022,1298708,1.31562998442707,3.43727920363931,38,1.59315833612615,0.183757103583951,0.775128947868427,-0.500380150456248,-0.500380150456248,-0.0296137362931601,0,-0.032485244886563,point_3,session_7,3,7,0,age_T7_days,464,age_T7_mo,15.2,13.7692307692308,419.846153846154,227.6,7.46,6,0.53448275862069,3_7,girls,dyad 03,0.344872372412245,0.344710453899184,0.336100519379164,7
point_4|session_1,17.9653419900584,33930625,1696533,0.0500000515758257,1113671,0.65643933834473,0.0285714285714286,8.45558811519708,230998,582862,0.34356066165527,2.52323396739366,35,0.946102913037534,0.109124828995245,0.509873405395841,1052173,3800367,2.24007844232915,3.61192218389942,81,1.6633469971236,0.19185276159663,0.905409676066944,6.52018316514029,1128074,329764,0.664929005212395,3.42085248844628,81,1.56789443044974,0.180843129481663,0.874002667391708,1.93540495005679,4928441,1381937,1.45250372377077,3.56632827690408,81,1.64110992452548,0.18928790664144,0.899135789758474,-0.542218725962226,-0.542218725962226,-0.0271684654144342,0,-0.029540524536274,point_4,session_1,4,1,1,age_T1_days,217,age_T1_mo,7.1,7.74,236.4,-19.4,-0.640000000000001,0,0.0021551724137931,4_1,boys,dyad 04,0.371864440403929,0.370690475095879,0.372644745046187,7
point_4|session_2,8.29104126426693,33930625,1696533,0.0500000515758257,1061478,0.625674832142965,0.0666666666666667,13.953238695861,251634,635055,0.374325167857036,2.52372493383247,15,0.964736320245095,0.111274032160253,0.425492690326781,1799637,7526790,4.43657152557598,4.18239344934562,59,1.94779210837376,0.224661057286209,0.849220201586348,11.8521860311312,1334284,339394,0.786476891401464,3.93137179796932,59,1.84769452478663,0.213115662444634,0.825066817612462,2.10105266472983,8861074,2139031,2.61152420848872,4.1425645537629,59,1.93241993844349,0.222888009775404,0.846309290521516,-0.698843729326716,-0.698843729326716,-0.0309377513059508,0,-0.0263727930728573,point_4,session_2,4,2,1,age_T2_days,245,age_T2_mo,8,8.73846153846154,265.846153846154,8.59999999999999,0.26,1,0.0625,4_2,boys,dyad 04,0.387653517962494,0.383823854612161,0.389751140610612,7
point_4|session_3,5.6958323292363,33930625,1696535,0.0500001105196265,878747,0.517965736044349,0.0238095238095238,7.23560996248417,249282,817788,0.482034263955651,3.28057380797651,42,1.4483971561316,0.167060147265173,0.888482546624453,926090,4649449,2.74055589775631,5.02051528469155,142,1.9074100715808,0.220003336864058,1.97831188044717,5.68539645971817,1267746,271533,0.747256024779919,4.66884688048967,142,1.82794333366834,0.210837532525009,1.90292684068017,1.550213502766,5917195,1197623,1.74390596126811,4.94078270039904,142,1.88982090801502,0.21797457821652,1.96439390202891,-0.571504403691276,-0.571504403691276,-0.0362942780140483,0,-0.0212742220858642,point_4,session_3,4,3,1,age_T3_days,271,age_T3_mo,8.9,9.7,295.923076923077,34.6,1.16,2,0.118534482758621,4_3,boys,dyad 04,0.397751005133985,0.392266922360968,0.400240078134451,7
point_4|session_4,7.10533274333653,33930625,1696535,0.0500001105196265,1014858,0.598194555373158,0.0344827586206897,9.92114740558945,258890,681677,0.401805444626842,2.63307582370891,29,1.05865621128811,0.122106883331186,0.521611441024281,1285148,5500919,3.24244356880347,4.28037782418834,67,1.92092167560847,0.221561784109757,1.04029551012579,8.06968549621008,1262099,322115,0.74392747570784,3.91816276795554,67,1.78255574061927,0.205602464265802,1.00434092318245,1.85146190937937,6763018,1607263,1.99318552225566,4.20778553354367,67,1.89408132190917,0.21846598029471,1.03533181231468,-0.626764559845915,-0.626764559845915,-0.0441804309147271,0,-0.0373610851204106,point_4,session_4,4,4,1,age_T4_days,303,age_T4_mo,9.9,10.7076923076923,326.461538461538,66.6,2.16,3,0.1875,4_4,boys,dyad 04,0.40414562524915,0.397698199650109,0.406016930852078,7
point_4|session_5,6.71510382638389,33930625,1696536,0.0500001399915268,1001413,0.590269230950596,0.03125,3.76067401021114,256337,695123,0.409730769049404,2.71175444824586,32,1.12885683617218,0.130203921275227,0.543412652750019,519816,1544237,0.910229432207746,2.97073772257876,34,1.32878473218304,0.153263883529776,0.637853020111571,2.22153057804158,1069894,344114,0.630634422140173,3.10912662664117,34,1.41525199716267,0.16323713842051,0.684056604932295,1.53914343216956,2614131,863930,0.770431927173959,3.02585973400623,34,1.36391314338432,0.157315643451863,0.658214451530283,-0.181453416068284,-0.181453416068284,0.0227618407440568,0,0.031510972158253,point_4,session_5,4,5,1,age_t5_days,334,age_T5_mo,11,11.6,353.5,97.6,3.26,4,0.254310344827586,4_5,boys,dyad 04,0.403992051871374,0.397740324709608,0.404107877027672,7
point_4|session_6,16.7881370959032,33930625,1696535,0.0500001105196265,1080971,0.637163984238463,0.03125,8.2191518672307,229574,615564,0.362836015761538,2.68133150966573,32,1.09675944694272,0.126501763653058,0.547974517196964,1045652,3903925,2.30111668783727,3.73348398893705,50,1.72930859489778,0.199460864243995,0.872120754649127,6.34202942342307,1155489,325818,0.681087628607721,3.54642469108521,51,1.639723695642,0.189128017069413,0.851008445333623,1.87712244380763,5059414,1371470,1.49110215822249,3.68904460177766,51,1.70850676556971,0.197061552248511,0.868001620324677,-0.543232081818171,-0.543232081818171,-0.0256952808165263,0.0099009900990099,-0.0265906917862849,point_4,session_6,4,6,1,age_T6_days,376,age_T6_mo,12.3,12.775,389.916666666667,139.6,4.56,5,0.344827586206897,4_6,boys,dyad 04,0.393817739599399,0.389603461640802,0.389738777603072,7
point_4|session_7,10.453368977651,33930625,1696537,0.0500001694634272,1078802,0.635884746398104,0.04,10.7847555990838,223267,617735,0.364115253601896,2.76679939265543,25,1.16164990419382,0.133986319459165,0.560355906877886,1329442,5397619,3.1815510065504,4.06006354545742,47,1.88897687545714,0.21787722632459,0.851897102321104,8.73775810015622,1264502,327233,0.745343013444446,3.86422518511275,47,1.8009892256371,0.207728608126726,0.853849337667109,2.04699749892753,6662121,1656675,1.96344700999742,4.02138077776269,47,1.87207227150278,0.21592742573701,0.852633772318403,-0.62039056330559,-0.62039056330559,-0.0247136830828952,0,-0.0238451106079131,point_4,session_7,4,7,1,age_T7_days,408,age_T7_mo,13.4,13.7692307692308,419.846153846154,171.6,5.66,6,0.413793103448276,4_7,boys,dyad 04,0.378368534805001,0.377075427740763,0.36969066724248,7
point_5|session_1,8.29490478594203,33930625,1696536,0.0500001399915268,995339,0.586688994515884,0.037037037037037,12.0822365184107,235795,701197,0.413311005484116,2.97375686507348,27,1.32307382880564,0.152605179972394,0.62869750152754,1695660,7131263,4.20342568622181,4.20559723057688,76,1.93272765374707,0.222923502087519,0.910194917334758,10.1701276531417,1340765,329711,0.790295637699406,4.06648549790574,76,1.87313706557265,0.216050240569508,0.914971543019879,1.91210886526896,8472028,2025371,2.49686066196061,4.18295117289622,76,1.92322766791456,0.221827760477231,0.911082493891326,-0.68348428499056,-0.68348428499056,-0.016817014195488,0,-0.0156575686655168,point_5,session_1,5,1,0,age_T1_days,240,age_T1_mo,7.9,7.74,236.4,3.59999999999999,0.16,0,0.0517241379310345,5_1,girls,dyad 05,0.347323971679062,0.348645005674885,0.353295560044681,7
point_5|session_2,12.298204680733,33930625,1696535,0.0500001105196265,1186604,0.699427951677979,0.0555555555555556,26.4413910901671,208651,509931,0.300572048322021,2.44394227681631,18,0.852125540682098,0.0982853478496009,0.433666195011897,2163301,12087619,7.12488631239556,5.58758073888007,100,2.30325098504252,0.265660179682718,1.12898024455064,23.7044207941859,1395666,308481,0.822656768059604,4.52431754305776,100,2.00935922686299,0.231762294566303,1.07011731143116,2.73697029598122,13483285,2471782,3.97377154022758,5.45488437087089,100,2.26919350217989,0.261731942128243,1.12823850951289,-0.792978343185656,-0.792978343185656,-0.105149712366228,0,-0.0681470718981735,point_5,session_2,5,2,0,age_T2_days,273,age_T2_mo,9,8.73846153846154,265.846153846154,36.6,1.26,1,0.122844827586207,5_2,girls,dyad 05,0.354399277170752,0.357501527738514,0.358294346436926,7
point_5|session_3,9.39791581686053,33930625,1696534,0.0500000810477261,1203645,0.709472960754102,0.0526315789473684,10.3836827358695,208413,492889,0.290527039245898,2.36496283821067,19,0.778666671130433,0.0898124994231301,0.364484868335417,1090819,3981999,2.34713775261799,3.65046721775107,57,1.70661320841286,0.196843146726144,0.835847077789093,8.07889605976193,1136004,344211,0.669602849102936,3.30031288947768,56,1.53237881843738,0.176746709278212,0.755987074864301,2.3047866761076,5118003,1435030,1.50837030086046,3.56647805272364,57,1.66664802367238,0.192233506600879,0.821896834601628,-0.556075289522105,-0.556075289522105,-0.0503762632210497,-0.00884955752212389,-0.0537927813749251,point_5,session_3,5,3,0,age_T3_days,304,age_T3_mo,10,9.7,295.923076923077,67.6,2.26,2,0.189655172413793,5_3,girls,dyad 05,0.359222248968504,0.363101268167139,0.362012832376028,7
point_5|session_4,6.8432748620928,33930625,1696535,0.0500001105196265,1097455,0.646880258880601,0.03125,5.81533351138412,241341,599080,0.353119741119399,2.48229683311166,32,0.918470258859024,0.105937640138344,0.423596049448485,831398,2427586,1.43090829249028,2.9198843393898,32,1.30653567600465,0.150697646371731,0.586696419229337,4.05219002470455,1056264,361446,0.622600771572647,2.92232864660281,32,1.3065140159608,0.150695148072075,0.593440636496427,1.76314348667958,3483850,1192844,1.02675453203146,2.92062499371251,32,1.30654779868977,0.150699044619133,0.58875046572337,-0.393622572728447,-0.393622572728447,0.000418387213693412,0,-8.28918176506194e-06,point_5,session_4,5,4,0,age_T4_days,337,age_T4_mo,11,10.7076923076923,326.461538461538,100.6,3.26,3,0.260775862068966,5_4,girls,dyad 05,0.362415206013961,0.366166774112841,0.364930822499292,7
point_5|session_5,8.54199676662286,33930625,1696533,0.0500000515758257,1001645,0.590407024207605,0.027027027027027,7.93615805712575,246089,694888,0.409592975792395,2.82372637541702,37,1.19431335471786,0.137753767380224,0.68345269091197,1140909,4254958,2.50803137928941,3.72944555613112,79,1.73913442938242,0.2005941896921,0.854266532395674,6.12322849149791,1259783,332310,0.742563215687523,3.7909873311065,79,1.74774465501617,0.201587305120608,0.928123302477688,1.81292956562784,5514741,1473219,1.62529729748847,3.74332736680697,79,1.74130397693844,0.200844428331878,0.871956061682631,-0.543121608068267,-0.543121608068267,0.00818327560369762,0,0.00246932154093745,point_5,session_5,5,5,0,age_t5_days,367,age_T5_mo,12,11.6,353.5,130.6,4.26,4,0.325431034482759,5_5,girls,dyad 05,0.363580763895394,0.366362447022077,0.366652502689861,7
point_5|session_6,7.57144228634345,33930625,1361440,0.0401242240601227,714200,0.52459160888471,0.024390243902439,2.70772047463074,199167,647240,0.47540839111529,3.24973514688678,41,1.42985115762386,0.164921025941463,0.894256284362422,201797,874651,0.642445498883535,4.33431121374451,59,1.79906987595682,0.207507227658749,1.31595841850525,1.35135498424078,877894,205463,0.644827535550594,4.27275957228309,59,1.78589648409583,0.205987790275872,1.29324232377848,1.35636549038996,1752545,407260,0.643636517217064,4.30325836075235,59,1.79254349223467,0.206754465461505,1.30476137627818,0.00185045177156649,0.00185045177156647,-0.00715128793425733,0,-0.00367462077406986,point_5,session_6,5,6,0,age_T6_days,396,age_T6_mo,13,12.775,389.916666666667,159.6,5.26,5,0.387931034482759,5_6,girls,dyad 05,0.363134861374079,0.364205852099071,0.367473933120235,7
point_5|session_7,14.3483590543509,33930625,1696535,0.0500001105196265,1129077,0.665519426360199,0.0588235294117647,10.8809092479091,223638,567458,0.334480573639801,2.53739525483147,17,0.973052024913048,0.112233177129961,0.439608452309463,1341546,4962966,2.92535432513918,3.69943781279211,62,1.73883784225977,0.200559980919889,0.809502464771729,8.74596181567623,1211493,342750,0.714098441824071,3.53462582056893,62,1.65445027721466,0.190826601519008,0.802507202816937,2.13494743223287,6174459,1684296,1.81972638348163,3.66589898687642,62,1.72210092678574,0.198629521755412,0.808518925034269,-0.607579222730283,-0.607579222730283,-0.0227827678295672,0,-0.0248689654617897,point_5,session_7,5,7,0,age_T7_days,438,age_T7_mo,14.4,13.7692307692308,419.846153846154,201.6,6.66,6,0.478448275862069,5_7,girls,dyad 05,0.35974826586537,0.356994247769568,0.367194619755252,7
point_6|session_1,15.8129234933389,33930625,1696534,0.0500000810477261,1014436,0.597946165535144,0.0294117647058824,12.5515541754997,252300,682098,0.402053834464856,2.70351961950059,34,1.11674155039068,0.128806527322714,0.54763407280833,1679251,7262976,4.28106716399436,4.325128286361,66,1.97562123107969,0.227870907096969,0.93020435525081,10.6479948629083,1298414,331586,0.765333320758676,3.91576845825819,66,1.81846426361882,0.209744203370289,0.888428953577325,1.90355931259145,8561390,2010837,2.52320024237652,4.25762505861987,66,1.95078739015745,0.225006537262999,0.925773887322407,-0.696681496813018,-0.696681496813018,-0.04967418483554,0,-0.0414215672473577,point_6,session_1,6,1,1,age_T1_days,225,age_T1_mo,7.4,7.74,236.4,-11.4,-0.34,0,0.0193965517241379,6_1,boys,dyad 06,0.375468987313308,0.375908615736263,0.377441961623407,7
point_6|session_2,6.661456569916,33930625,1696534,0.0500000810477261,954408,0.562563438162748,0.0256410256410256,7.67848316862635,263238,742126,0.437436561837252,2.81922062924046,39,1.19564354089882,0.137907192908809,0.614667017673252,1043398,4434398,2.61379848561833,4.24995830929329,82,1.89124865334304,0.21813925635314,1.12251923899406,5.97526296073713,1264004,305919,0.745050791790792,4.13182574472328,81,1.83136503342519,0.211232196145312,1.15477522230696,1.70322020788923,5698402,1349317,1.67942463870456,4.22317513230768,82,1.87793482970624,0.216603621373459,1.12973447145409,-0.556365451226502,-0.556365451226502,-0.0140939642215436,-0.00613496932515337,-0.0160864448897031,point_6,session_2,6,2,1,age_T2_days,246,age_T2_mo,8.1,8.73846153846154,265.846153846154,9.59999999999999,0.359999999999999,1,0.0646551724137931,6_2,boys,dyad 06,0.381190954773617,0.384138478566528,0.376245664829545,7
point_6|session_3,20.6739356420521,33930625,1696535,0.0500001105196265,1198301,0.706322592814177,0.05,7.93959464829779,209654,498234,0.293677407185823,2.37645835519475,20,0.788579161528,0.0909558198850434,0.375737875103614,784517,2935951,1.73055728293257,3.74236759687808,56,1.71625368645408,0.197955092903652,0.893633650699693,5.89271506962592,1019825,303305,0.601122287485964,3.36237450750894,55,1.53768624777596,0.177358875577456,0.81719358106146,2.04687957867187,3955776,1087822,1.16583978520926,3.63641845816687,56,1.66833691162608,0.192428305292015,0.878268501734617,-0.48438688136032,-0.48438688136032,-0.0534844310723817,-0.00900900900900901,-0.0548773002229289,point_6,session_3,6,3,1,age_T3_days,272,age_T3_mo,8.9,9.7,295.923076923077,35.6,1.16,2,0.120689655172414,6_3,boys,dyad 06,0.386449370535352,0.391493367202088,0.376472896634274,7
point_6|session_4,9.62220799259622,33930625,1696534,0.0500000810477261,1158488,0.6828557517857,0.0625,17.3149470491371,218077,538046,0.3171442482143,2.46722946482206,16,0.880424947467522,0.101549440881734,0.435722616967273,1900482,8018479,4.72638862527954,4.21918176546792,74,1.92469209040303,0.221996669008669,0.94809502763149,14.9029618285425,1297759,349720,0.764947239489453,3.71085153837356,62,1.72700054110923,0.19919465010226,0.860609359107048,2.41198522059452,9316238,2250202,2.7456679323845,4.14017852619454,74,1.89549006794566,0.218628467026557,0.939619462012189,-0.721398487243456,-0.721398487243456,-0.0641019031847088,-0.0882352941176471,-0.0541369631134407,point_6,session_4,6,4,1,age_T4_days,307,age_T4_mo,10.1,10.7076923076923,326.461538461538,70.6,2.36,3,0.196120689655172,6_4,boys,dyad 06,0.390337868292534,0.396441982827636,0.379763524632349,7
point_6|session_5,9.11526701299579,33930625,1696535,0.0500001105196265,978491,0.576758510729222,0.024390243902439,5.17416063639554,244471,718044,0.423241489270778,2.93713364775372,41,1.27669890999294,0.147256232183135,0.689492737261286,682852,2561077,1.50959278765248,3.75055941843914,41,1.70742710102119,0.196937022234275,0.922354929759325,3.56674103536831,1154198,306683,0.680326665821807,3.76348868375489,39,1.6981606919782,0.19586822169653,0.952334903805131,1.60741960102724,3715275,989535,1.09495972673714,3.75456653882884,41,1.70467280866909,0.196619338314498,0.931796186516342,-0.378674256952716,-0.378674256952716,0.00172067907204068,-0.025,-0.00272094264081067,point_6,session_5,6,5,1,age_t5_days,335,age_T5_mo,11,11.6,353.5,98.6,3.26,4,0.256465517241379,6_5,boys,dyad 06,0.390812879649169,0.396309224863123,0.384862106491803,7
point_6|session_6,8.43039778498063,33930625,1696535,0.0500001105196265,965894,0.569333376558692,0.037037037037037,7.91736160439942,251410,730641,0.430666623441308,2.90617318324649,27,1.26690135887182,0.146126168977609,0.620628558992706,1158217,4523978,2.66659868496671,3.90598480250247,46,1.8231977735217,0.210290173001691,0.830401094751352,6.19179323361268,1260771,325200,0.743144703763848,3.87690959409594,45,1.8009907963364,0.207728789293372,0.851901549439012,1.72556837078675,5784749,1483417,1.70487169436528,3.89961083093965,46,1.81846459942237,0.20974424210234,0.835116099787529,-0.564105201452993,-0.564105201452993,-0.00373578349196593,-0.010989010989011,-0.00612743425383395,point_6,session_6,6,6,1,age_T6_days,365,age_T6_mo,12,12.775,389.916666666667,128.6,4.26,5,0.321120689655172,6_6,boys,dyad 06,0.388721894584877,0.392131002435719,0.392757400129274,7
point_6|session_7,10.7010662894599,33930625,1696537,0.0500001694634272,909657,0.536184592496362,0.0227272727272727,6.22879854615697,255634,786880,0.463815407503638,3.07815079371289,44,1.34741072812502,0.15541223186908,0.773423502174468,734629,3619640,2.13354615902866,4.9271673184696,69,2.09599104453588,0.241754529194087,1.11818918503746,4.59998983326556,1281677,276760,0.75546657691521,4.63100520306403,69,2.00053384916303,0.230744363198525,1.11432462459539,1.62880871289142,4901317,1011389,1.44450636797193,4.84612448820385,69,2.07037173020768,0.23879956176241,1.11797158284209,-0.477007098296233,-0.477007098296233,-0.0309852238739512,0,-0.0233019932381404,point_6,session_7,6,7,1,age_T7_days,394,age_T7_mo,12.9,13.7692307692308,419.846153846154,157.6,5.16,6,0.383620689655172,6_7,boys,dyad 06,0.38414401531591,0.384123338700605,0.402781502548988,7
point_7|session_1,8.15151346725954,33930625,1696534,0.0500000810477261,1008107,0.594215618431461,0.0344827586206897,6.41939668258218,255205,688427,0.405784381568539,2.69754511079328,29,1.12538511951274,0.129803488635648,0.508735600517257,851381,3247790,1.91436776392339,3.81473159490287,45,1.73072367171396,0.199624081176797,0.962430189442471,4.71769701072154,1171496,319325,0.690523148961353,3.66866358725436,45,1.66661773731179,0.192230013329825,0.942238857471714,1.70169967186063,4419286,1170706,1.30244545644237,3.7748896819526,45,1.71348583594747,0.197635845167432,0.957567464518959,-0.469825668671365,-0.469825668671365,-0.0195189488317785,0,-0.0188694413319384,point_7,session_1,7,1,1,age_T1_days,216,age_T1_mo,7.1,7.74,236.4,-20.4,-0.640000000000001,0,0,7_1,boys,dyad 07,0.372033872626129,0.37081852549851,0.373555454811733,7
point_7|session_2,8.78029226938355,33930625,1696536,0.0500001399915268,1068001,0.629518619115657,0.0434782608695652,5.03183911794888,249739,628535,0.370481380884343,2.51676750527551,23,0.955671006918015,0.110228426282739,0.436011129318815,652119,2070424,1.2203831807872,3.17491746138358,41,1.46465197088368,0.168935000260262,0.697171795036262,3.29404726864852,1092263,346958,0.643819524018353,3.14811302808986,41,1.44566236699069,0.166744712872967,0.69802180406721,1.73779184930036,3162687,999077,0.932101352402778,3.16560885697499,41,1.45812073835559,0.168181678794981,0.697480813636191,-0.309281632991188,-0.309281632991188,-0.00423917508200387,0,-0.00652493225417712,point_7,session_2,7,2,1,age_T2_days,245,age_T2_mo,8,8.73846153846154,265.846153846154,8.59999999999999,0.26,1,0.0625,7_2,boys,dyad 07,0.383709562542112,0.383810924834833,0.386317581681747,7
point_7|session_3,5.31216320621131,33930625,1696533,0.0500000515758257,979079,0.57710577984631,0.0333333333333333,4.18425989680175,239221,717454,0.42289422015369,2.99912633088232,30,1.32881394080331,0.15326725249276,0.67287348781139,571775,1878140,1.10704595784462,3.28475361811902,33,1.50565331404798,0.173664152342686,0.732989909900158,2.6177845548286,1123874,322304,0.662453368133717,3.48699985107228,33,1.60120832211098,0.184685600190296,0.790984441026473,1.56647534197314,3002014,894079,0.884749662989167,3.35766078836434,33,1.54103154904162,0.177744727289275,0.756915998589589,-0.251253325267637,-0.251253325267637,0.0298661541465445,0,0.030756119600208,point_7,session_3,7,3,1,age_T3_days,279,age_T3_mo,9.1,9.7,295.923076923077,42.6,1.36,2,0.135775862068966,7_3,boys,dyad 07,0.39264845380657,0.393635410838055,0.39590861127919,7
point_7|session_4,4.90127032439036,33930625,1696536,0.0500001399915268,1045903,0.616493254490326,0.0357142857142857,6.44181743010268,246914,650633,0.383506745509674,2.63505917039941,28,1.06461825600505,0.122794553880798,0.489063014720453,767846,3038705,1.79112320634516,3.95744068472063,71,1.8059302343716,0.20829851096265,0.93532313084888,4.67038253516191,1152554,305691,0.679357231441007,3.77032362745387,71,1.72604186447174,0.199084075002356,0.922073020550723,1.77143489494077,4191259,1073537,1.23524021889309,3.9041588692332,71,1.7835990289584,0.205722798597334,0.932292877512709,-0.450020149076924,-0.450020149076924,-0.024213608193508,0,-0.022618629950681,point_7,session_4,7,4,1,age_T4_days,308,age_T4_mo,10.1,10.7076923076923,326.461538461538,71.6,2.36,3,0.198275862068966,7_4,boys,dyad 07,0.396221460753485,0.397402428801346,0.399507652545988,7
point_7|session_5,9.59708794924424,33930625,1696536,0.0500001399915268,1091133,0.643153460934516,0.05,13.2379225078171,238680,605403,0.356846539065484,2.53646304675716,20,0.97118183403698,0.112017466706996,0.446055515025518,1684724,6721551,3.96192653736791,3.98970454507682,71,1.84093034494572,0.21233547251153,0.918012473756943,11.1026060326758,1292727,341971,0.7619802939637,3.78022405408646,72,1.75291907735542,0.202184130207117,0.897638697738998,2.13531647514135,8014278,2026695,2.3619534156658,3.95435820387379,72,1.82643854681337,0.210663968311264,0.915296541835454,-0.677394021020983,-0.677394021020983,-0.026960413897873,0.00699300699300699,-0.0244894143433399,point_7,session_5,7,5,1,age_t5_days,337,age_T5_mo,11,11.6,353.5,100.6,3.26,4,0.260775862068966,7_5,boys,dyad 07,0.396064661254322,0.396922842640543,0.398888765519242,7
point_7|session_6,5.90387087170893,33930625,1696534,0.0500000810477261,965649,0.569189300067078,0.0294117647058824,7.33991804456241,256836,730885,0.430810699932922,2.8457264557928,34,1.24685902189168,0.143814457888378,0.563913600758126,1066338,4099875,2.41661823458887,3.84481749689123,39,1.7749326323987,0.204723204335916,0.861566815961861,5.60946660555354,1264761,331425,0.745496995639345,3.81613034623218,39,1.7598060072606,0.202978478303765,0.862294444620338,1.73045143900887,5364636,1397763,1.58105761511411,3.83801545755611,39,1.77139113958983,0.204314723617983,0.861747347974584,-0.528482081542904,-0.528482081542904,-0.00374459547910906,0,-0.00427941827675211,point_7,session_6,7,6,1,age_T6_days,367,age_T6_mo,12,12.775,389.916666666667,130.6,4.26,5,0.325431034482759,7_6,boys,dyad 07,0.391977509923703,0.391957938229458,0.393809932875894,7
point_7|session_7,9.48288430589604,33930625,1696532,0.0500000221039253,1146053,0.675526898402152,0.0526315789473684,5.18918977835667,224040,550479,0.324473101597848,2.45705677557579,19,0.890952453513427,0.102763698105948,0.405013218338587,570149,1827704,1.07731772816546,3.20566027477028,27,1.4940607832501,0.17232705367878,0.639388798150792,3.32020658372072,1028836,329044,0.606434773997779,3.12674292799747,27,1.4444923252671,0.166609758629358,0.627158939325364,1.86898319463594,2856540,899193,0.841876251081618,3.17678184772346,27,1.47614343036718,0.17026044121786,0.635238770413838,-0.279662808852668,-0.279662808852668,-0.0124624639723375,0,-0.0168683212970785,point_7,session_7,7,7,1,age_T7_days,400,age_T7_mo,13.1,13.7692307692308,419.846153846154,163.6,5.36,6,0.396551724137931,7_7,boys,dyad 07,0.382871496253483,0.381247619492609,0.383009737228451,7
point_8|session_2,18.7028048412505,33930625,1696536,0.0500001399915268,1207278,0.71161354666214,0.05,7.58669863344084,204648,489258,0.28838645333786,2.39072944763692,20,0.81076345436236,0.0935145871486994,0.372807865255638,829964,2700980,1.59205581254981,3.25433392291714,30,1.51792388959277,0.175079457632995,0.665014572991447,5.52056379251847,1010873,325451,0.595845298891388,3.10606819459765,30,1.42775972372292,0.164679797039565,0.636680059035299,2.06613484092238,3711853,1155415,1.0939505557206,3.21257124063648,30,1.49312325463261,0.172218917820988,0.658144390658912,-0.455327029383976,-0.455327029383976,-0.0233107475879875,0,-0.0306089104282159,point_8,session_2,8,2,0,age_T2_days,250,age_T2_mo,8.2,8.73846153846154,265.846153846154,13.6,0.459999999999999,1,0.0732758620689655,8_2,girls,dyad 08,0.356927403170536,0.351863009259024,0.353110160852985,6
point_8|session_3,12.546499488387,33930625,1696533,0.0500000515758257,894339,0.527156854596993,0.0238095238095238,3.50186114580762,266854,802194,0.472843145403007,3.00611570371814,42,1.34784873254756,0.155462751909818,0.657817983574025,305931,1620723,0.955314750729871,5.29767496592369,147,2.12734843936689,0.245371334830679,1.51760118761797,2.02036290473377,1188449,248200,0.700516288218384,4.78827155519742,143,2.00384696572543,0.2311265026818,1.44068832184296,1.48149824107385,2809172,554131,0.827915519474128,5.06950883455356,147,2.07305092324613,0.239108583622651,1.4901133652131,-0.153879506132056,-0.153879506132056,-0.0505062573611231,-0.0137931034482759,-0.0298948516183059,point_8,session_3,8,3,0,age_T3_days,274,age_T3_mo,9,9.7,295.923076923077,37.6,1.26,2,0.125,8_3,girls,dyad 08,0.365598631026007,0.358653383072513,0.362375258655514,6
point_8|session_4,8.35639237891303,33930625,1696533,0.0500000515758257,1130979,0.66664132085848,0.0526315789473684,5.96241738189457,229568,565554,0.33335867914152,2.46355763869529,19,0.896040681180553,0.103350581378806,0.4152882076221,703678,2314995,1.36454463308406,3.28984990293856,49,1.53145204832245,0.176639814321104,0.714143168742669,4.09332265353972,1057074,328470,0.623078949834751,3.21817517581514,49,1.48369504523733,0.171131455005036,0.71825155501891,1.86909472835485,3372069,1032148,0.993811791459406,3.26704019191046,49,1.51648818554711,0.174913861526788,0.715524171226338,-0.373041298976978,-0.373041298976978,-0.0110132837928681,0,-0.0158390292755967,point_8,session_4,8,4,0,age_T4_days,308,age_T4_mo,10.1,10.7076923076923,326.461538461538,71.6,2.36,3,0.198275862068966,8_4,girls,dyad 08,0.372854095959563,0.364969695349461,0.370663773791693,6
point_8|session_5,6.9249046968668,33930625,1696535,0.0500001105196265,1024302,0.603761195613412,0.0285714285714286,9.80180830158591,248801,672233,0.396238804386588,2.70189026571437,35,1.13126488319301,0.130481668775779,0.498993684665931,1337638,5315089,3.13290854594806,3.973488342885,57,1.84691301978265,0.213025522567942,0.875424109259772,7.90661719969118,1274010,330481,0.750948256298868,3.85501738375277,57,1.78905907399147,0.206352567803547,0.889342255553633,1.89519110189473,6589099,1668119,1.94192840112347,3.95001735487696,57,1.83570341412983,0.211732591024121,0.878210834930839,-0.613297660271913,-0.613297660271913,-0.0151332787212643,0,-0.0159115483560055,point_8,session_5,8,5,0,age_t5_days,334,age_T5_mo,11,11.6,353.5,97.6,3.26,4,0.254310344827586,8_5,girls,dyad 08,0.374424254608425,0.367186591869678,0.37317558834251,6
point_8|session_6,3.73763900402296,33930625,1696536,0.0500001399915268,955364,0.563126276129714,0.05,8.87795275590551,258746,741172,0.436873723870286,2.86447713201364,20,1.23080806623132,0.141963118285138,0.612495294339242,1204219,5300753,3.1244565396785,4.40181810783587,75,1.9651049115765,0.226657940144186,1.02896268698119,7.151852741334,1279337,306658,0.754087741138414,4.17186898760182,75,1.86526984189148,0.215142824022064,1.05774062382171,1.72610001457152,6580090,1510877,1.93927214040846,4.35514605093598,75,1.94540889405746,0.224386174024419,1.03483143600694,-0.611149087626461,-0.611149087626461,-0.026820330351968,0,-0.0260640475438142,point_8,session_6,8,6,0,age_T6_days,365,age_T6_mo,12,12.775,389.916666666667,128.6,4.26,5,0.321120689655172,8_6,girls,dyad 08,0.371790360458407,0.366869835204001,0.371836240386085,6
point_8|session_7,9.22520151767774,33930625,1696537,0.0500001694634272,1156761,0.68183658829722,0.0625,9.2241615040313,218292,539776,0.31816341170278,2.47272460740659,16,0.908379585699343,0.104773767828236,0.409937531367991,1022274,3798696,2.23908821322494,3.71592743237136,41,1.71654473296673,0.197988662614182,0.850266306555971,7.03754149869576,1180285,332073,0.695702480995109,3.55429378480033,41,1.63505289508318,0.188589280421182,0.843342815496441,2.18662000533555,4978981,1354347,1.46739534711002,3.67629639966715,41,1.69697895527703,0.195731918537904,0.849047295171064,-0.525892948778073,-0.525892948778073,-0.022232287401278,0,-0.0243143261594221,point_8,session_7,8,7,0,age_T7_days,394,age_T7_mo,12.9,13.7692307692308,419.846153846154,157.6,5.16,6,0.383620689655172,8_7,girls,dyad 08,0.364889240967614,0.363658763900333,0.36631532543047,6
